{
  "total": 66262,
  "schemes": {
    "PR": {
      "unique_fingerprints": 59,
      "avg_records_per_fp": 1123.084745762712,
      "mode_agreement_pct": 3.457486945760768,
      "top1_90pct_coverage": 20
    },
    "PRP": {
      "unique_fingerprints": 162,
      "avg_records_per_fp": 409.0246913580247,
      "mode_agreement_pct": 5.748392743955812,
      "top1_90pct_coverage": 52
    },
    "PRPF": {
      "unique_fingerprints": 218,
      "avg_records_per_fp": 303.95412844036696,
      "mode_agreement_pct": 6.1015363254957595,
      "top1_90pct_coverage": 68
    },
    "PRPF_L50": {
      "unique_fingerprints": 5461,
      "avg_records_per_fp": 12.133675151071232,
      "mode_agreement_pct": 29.953819685490927,
      "top1_90pct_coverage": 2202
    },
    "PRPF_L10": {
      "unique_fingerprints": 12162,
      "avg_records_per_fp": 5.448281532642658,
      "mode_agreement_pct": 47.39669795659654,
      "top1_90pct_coverage": 6259
    },
    "PRPF_L50_N": {
      "unique_fingerprints": 19939,
      "avg_records_per_fp": 3.323235869401675,
      "mode_agreement_pct": 54.77196583260391,
      "top1_90pct_coverage": 13313
    }
  }
}