{
  "generated_at": "2026-05-08T10:03:33.047Z",
  "corpus": "scripts/truth-corpus.jsonl",
  "sticks": 66262,
  "withRuleHit": 66262,
  "elapsed_sec": 1.483,
  "totals": {
    "ref": 615188,
    "matched": 154851,
    "missing": 460337,
    "extras": 177420,
    "parity": 25.171329739851885
  },
  "byPlanType": {
    "NLBW": {
      "ref": 173380,
      "matched": 52061,
      "missing": 121319,
      "extras": 48200,
      "sticks": 18259,
      "parity": 30.02710808628446
    },
    "LBW": {
      "ref": 280984,
      "matched": 77760,
      "missing": 203224,
      "extras": 67897,
      "sticks": 26489,
      "parity": 27.67417361842667
    },
    "CP": {
      "ref": 6062,
      "matched": 1675,
      "missing": 4387,
      "extras": 1717,
      "sticks": 841,
      "parity": 27.63114483668756
    },
    "RP": {
      "ref": 68036,
      "matched": 8357,
      "missing": 59679,
      "extras": 22250,
      "sticks": 7601,
      "parity": 12.283203010171086
    },
    "TIN": {
      "ref": 56539,
      "matched": 12129,
      "missing": 44410,
      "extras": 18495,
      "sticks": 7640,
      "parity": 21.452448752188754
    },
    "TB2B": {
      "ref": 16457,
      "matched": 158,
      "missing": 16299,
      "extras": 14312,
      "sticks": 3617,
      "parity": 0.9600777784529381
    },
    "MH": {
      "ref": 337,
      "matched": 87,
      "missing": 250,
      "extras": 105,
      "sticks": 48,
      "parity": 25.816023738872403
    },
    "RT": {
      "ref": 3,
      "matched": 0,
      "missing": 3,
      "extras": 8,
      "sticks": 2,
      "parity": 0
    },
    "FJ": {
      "ref": 13390,
      "matched": 2624,
      "missing": 10766,
      "extras": 4436,
      "sticks": 1765,
      "parity": 19.596713965646003
    }
  },
  "byProfile": {
    "70.075": {
      "ref": 334914,
      "matched": 84440,
      "missing": 250474,
      "extras": 102460,
      "sticks": 37332,
      "parity": 25.21244259720406
    },
    "70.095": {
      "ref": 99395,
      "matched": 25829,
      "missing": 73566,
      "extras": 28639,
      "sticks": 10806,
      "parity": 25.986216610493486
    },
    "89.075": {
      "ref": 137364,
      "matched": 35077,
      "missing": 102287,
      "extras": 35083,
      "sticks": 13661,
      "parity": 25.535802684837368
    },
    "89.095": {
      "ref": 25941,
      "matched": 6012,
      "missing": 19929,
      "extras": 6279,
      "sticks": 2564,
      "parity": 23.175667861686133
    },
    "89.115": {
      "ref": 11721,
      "matched": 2405,
      "missing": 9316,
      "extras": 2662,
      "sticks": 1067,
      "parity": 20.51872707106902
    },
    "70.115": {
      "ref": 5853,
      "matched": 1088,
      "missing": 4765,
      "extras": 2297,
      "sticks": 832,
      "parity": 18.588757901930634
    }
  },
  "byRolePlan": {
    "NLBW/T": {
      "ref": 24839,
      "matched": 3918,
      "missing": 20921,
      "extras": 6871,
      "sticks": 1791,
      "parity": 15.773581867224928
    },
    "NLBW/B": {
      "ref": 27823,
      "matched": 8200,
      "missing": 19623,
      "extras": 8369,
      "sticks": 2688,
      "parity": 29.472019552169073
    },
    "NLBW/H": {
      "ref": 4686,
      "matched": 1256,
      "missing": 3430,
      "extras": 1738,
      "sticks": 458,
      "parity": 26.803243704652157
    },
    "NLBW/N": {
      "ref": 31238,
      "matched": 5355,
      "missing": 25883,
      "extras": 6165,
      "sticks": 2727,
      "parity": 17.142582751776683
    },
    "NLBW/S": {
      "ref": 70301,
      "matched": 29378,
      "missing": 40923,
      "extras": 19826,
      "sticks": 8879,
      "parity": 41.788879247805866
    },
    "NLBW/J": {
      "ref": 8248,
      "matched": 1776,
      "missing": 6472,
      "extras": 3071,
      "sticks": 813,
      "parity": 21.532492725509215
    },
    "NLBW/Kb": {
      "ref": 4976,
      "matched": 1535,
      "missing": 3441,
      "extras": 1665,
      "sticks": 692,
      "parity": 30.848070739549836
    },
    "NLBW/L": {
      "ref": 386,
      "matched": 106,
      "missing": 280,
      "extras": 174,
      "sticks": 41,
      "parity": 27.461139896373055
    },
    "LBW/T": {
      "ref": 32904,
      "matched": 3358,
      "missing": 29546,
      "extras": 7035,
      "sticks": 1648,
      "parity": 10.205446146365183
    },
    "LBW/B": {
      "ref": 30566,
      "matched": 6216,
      "missing": 24350,
      "extras": 6338,
      "sticks": 2012,
      "parity": 20.336321402865927
    },
    "LBW/N": {
      "ref": 40825,
      "matched": 5708,
      "missing": 35117,
      "extras": 6824,
      "sticks": 2977,
      "parity": 13.98162890385793
    },
    "LBW/S": {
      "ref": 100590,
      "matched": 38681,
      "missing": 61909,
      "extras": 26568,
      "sticks": 11483,
      "parity": 38.45412068794115
    },
    "LBW/H": {
      "ref": 19622,
      "matched": 3630,
      "missing": 15992,
      "extras": 4426,
      "sticks": 1007,
      "parity": 18.499643257568035
    },
    "LBW/L": {
      "ref": 5936,
      "matched": 1319,
      "missing": 4617,
      "extras": 1593,
      "sticks": 439,
      "parity": 22.22035040431267
    },
    "LBW/W": {
      "ref": 17853,
      "matched": 11144,
      "missing": 6709,
      "extras": 6200,
      "sticks": 3664,
      "parity": 62.42088164454154
    },
    "LBW/J": {
      "ref": 17967,
      "matched": 3177,
      "missing": 14790,
      "extras": 4211,
      "sticks": 1238,
      "parity": 17.682417765904155
    },
    "LBW/Kb": {
      "ref": 14721,
      "matched": 4527,
      "missing": 10194,
      "extras": 4702,
      "sticks": 2021,
      "parity": 30.751986957407784
    },
    "CP/T": {
      "ref": 1139,
      "matched": 200,
      "missing": 939,
      "extras": 224,
      "sticks": 105,
      "parity": 17.559262510974538
    },
    "CP/B": {
      "ref": 1125,
      "matched": 194,
      "missing": 931,
      "extras": 210,
      "sticks": 101,
      "parity": 17.244444444444447
    },
    "CP/S": {
      "ref": 2744,
      "matched": 1046,
      "missing": 1698,
      "extras": 1078,
      "sticks": 531,
      "parity": 38.11953352769679
    },
    "CP/Kb": {
      "ref": 288,
      "matched": 123,
      "missing": 165,
      "extras": 93,
      "sticks": 48,
      "parity": 42.70833333333333
    },
    "RP/T": {
      "ref": 12873,
      "matched": 1381,
      "missing": 11492,
      "extras": 3309,
      "sticks": 1154,
      "parity": 10.727880059038297
    },
    "RP/B": {
      "ref": 13606,
      "matched": 806,
      "missing": 12800,
      "extras": 3941,
      "sticks": 1187,
      "parity": 5.923857121858004
    },
    "RP/N": {
      "ref": 9874,
      "matched": 1699,
      "missing": 8175,
      "extras": 1961,
      "sticks": 915,
      "parity": 17.206805752481262
    },
    "RP/S": {
      "ref": 30140,
      "matched": 3922,
      "missing": 26218,
      "extras": 12374,
      "sticks": 4074,
      "parity": 13.012607830126077
    },
    "RP/Kb": {
      "ref": 1361,
      "matched": 508,
      "missing": 853,
      "extras": 526,
      "sticks": 226,
      "parity": 37.325495958853786
    },
    "TIN/T": {
      "ref": 13272,
      "matched": 970,
      "missing": 12302,
      "extras": 2158,
      "sticks": 766,
      "parity": 7.308619650391803
    },
    "TIN/W": {
      "ref": 31095,
      "matched": 10119,
      "missing": 20976,
      "extras": 14717,
      "sticks": 6209,
      "parity": 32.54220935841775
    },
    "TIN/B": {
      "ref": 11239,
      "matched": 906,
      "missing": 10333,
      "extras": 1302,
      "sticks": 552,
      "parity": 8.06121541062372
    },
    "TB2B/T": {
      "ref": 5510,
      "matched": 74,
      "missing": 5436,
      "extras": 1844,
      "sticks": 479,
      "parity": 1.3430127041742286
    },
    "TB2B/W": {
      "ref": 6190,
      "matched": 0,
      "missing": 6190,
      "extras": 11052,
      "sticks": 2763,
      "parity": 0
    },
    "TB2B/B": {
      "ref": 4162,